date_added,FHRSID,BusinessName,BusinessType,AddressLine1,AddressLine2,AddressLine3,AddressLine4,PostCode,LocalAuthorityName,RatingValue,RatingDate,SchemeType,NewRatingPending,Latitude,Longitude,AddressSingleLine
2026-08-01,1974180,Hexham Youth Initiative,Restaurant/Cafe/Canteen,Gilesgate,Hexham,Northumberland,,NE46 3NP,Northumberland,AwaitingInspection,,FHRS,False,54.9728126525879,-2.10324621200562,"Gilesgate, Hexham, Northumberland, NE46 3NP"
2026-08-01,1974183,The Haunted Headquarters,Restaurant/Cafe/Canteen,104-108 Station Road,Ashington,Northumberland,,NE63 8RN,Northumberland,AwaitingInspection,,FHRS,False,55.183183,-1.575732,"104-108 Station Road, Ashington, Northumberland, NE63 8RN"
2026-08-01,810749,Tweed Table,Restaurant/Cafe/Canteen,6-7 Golden Square,Berwick-Upon-Tweed,Northumberland,,TD15 1BG,Northumberland,AwaitingInspection,,FHRS,False,55.769996,-2.005635,"6-7 Golden Square, Berwick-Upon-Tweed, Northumberland, TD15 1BG"
2026-08-01,1974172,West Barn Pygmy Goats,Restaurant/Cafe/Canteen,,Gallowhill,Northumberland,,NE61 3TZ,Northumberland,AwaitingInspection,,FHRS,False,,,"Gallowhill, Northumberland, NE61 3TZ"
2026-08-01,1208348,Baytree Brunch and Coffee House,Restaurant/Cafe/Canteen,,653 Middleton Road,Chadderton,Oldham,OL9 9SN,Oldham,5,2026-07-24,FHRS,False,53.5461088,-2.1464072,"653 Middleton Road, Chadderton, Oldham, OL9 9SN"
2026-08-01,1974250,Pier Views Brews,Restaurant/Cafe/Canteen,2 Union Street,Ryde,Isle Of Wight,,PO33 2EA,Isle of Wight,AwaitingInspection,,FHRS,False,50.7325053,-1.1609292,"2 Union Street, Ryde, Isle Of Wight, PO33 2EA"
2026-08-01,541857,St Mary's Church Of England,Restaurant/Cafe/Canteen,St Marys Church,Church Road,Cowes,Isle Of Wight,PO31 8HA,Isle of Wight,Exempt,,FHRS,False,50.7632026672363,-1.30051898956299,"St Marys Church, Church Road, Cowes, Isle Of Wight, PO31 8HA"
2026-08-01,1871389,Street Waffles,Restaurant/Cafe/Canteen,19 - 21 Culver Parade,Sandown,Isle Of Wight,,PO36 8AT,Isle of Wight,5,2026-07-25,FHRS,False,50.6571162,-1.148395,"19 - 21 Culver Parade, Sandown, Isle Of Wight, PO36 8AT"
2026-08-01,1974080,BBM WATFORD LTD,Restaurant/Cafe/Canteen,Morrisons,Ascot Road,Watford,,WD18 8AA,Watford,AwaitingInspection,,FHRS,False,,,"Morrisons, Ascot Road, Watford, WD18 8AA"
2026-08-01,1974082,Sylwia`s Bistro,Restaurant/Cafe/Canteen,506 Whippendell Road,Watford,,,WD18 7QJ,Watford,AwaitingInspection,,FHRS,False,51.65174,-0.421795,"506 Whippendell Road, Watford, WD18 7QJ"
2026-08-01,1974079,UMAI SUSHI SURRITO,Restaurant/Cafe/Canteen,Street Record,The Harlequin,Watford,,,Watford,AwaitingInspection,,FHRS,False,,,"Street Record, The Harlequin, Watford"
2026-08-01,1974081,VYBECAFE LTD,Restaurant/Cafe/Canteen,143 Bar,143 The Parade High Street,Watford,,WD17 1NA,Watford,AwaitingInspection,,FHRS,False,51.6594561,-0.4013637,"143 Bar, 143 The Parade High Street, Watford, WD17 1NA"
2026-08-01,1974209,Annai Restaurant,Restaurant/Cafe/Canteen,Unit R 273 Station Road,Harrow,,,HA1 2TB,Harrow,AwaitingInspection,,FHRS,False,51.5827009,-0.3327156,"Unit R 273 Station Road, Harrow, HA1 2TB"
2026-08-01,1974215,Chicken Time,Restaurant/Cafe/Canteen,19 Merton Road,Harrow,,,HA2 0AA,Harrow,AwaitingInspection,,FHRS,False,51.5717661,-0.3505335,"19 Merton Road, Harrow, HA2 0AA"
2026-08-01,1974211,Nepalese Kitchen1616,Restaurant/Cafe/Canteen,Kimchi & MOMO 397 Northolt Road,Harrow,,,HA2 8JE,Harrow,AwaitingInspection,,FHRS,False,,,"Kimchi & MOMO 397 Northolt Road, Harrow, HA2 8JE"
2026-08-01,1974208,Station express,Restaurant/Cafe/Canteen,Harrow And Wealdstone Underground Station The Bridge,Harrow,,,HA3 5BP,Harrow,AwaitingInspection,,FHRS,False,51.5924561,-0.3344949,"Harrow And Wealdstone Underground Station The Bridge, Harrow, HA3 5BP"
2026-08-01,1974300,LITTLE BARNS COFFEE SHOP,Restaurant/Cafe/Canteen,Bulldog Barns Manor Road,Norfolk,Griston,,IP25 6RG,Breckland,AwaitingInspection,,FHRS,False,,,"Bulldog Barns Manor Road, Norfolk, Griston, IP25 6RG"
2026-08-01,832414,Revive wellness cafe,Restaurant/Cafe/Canteen,High Street,,Dereham,,NR19 1TS,Breckland,AwaitingInspection,,FHRS,False,52.67852795,0.9411755,"High Street, Dereham, NR19 1TS"
2026-08-01,1973937,Adana,Restaurant/Cafe/Canteen,Ziggis Fusion Food,203D Dunkirk Lane,Moss Side,Leyland,PR26 7SN,South Ribble,AwaitingInspection,,FHRS,False,53.692089,-2.7314874,"Ziggis Fusion Food, 203D Dunkirk Lane, Moss Side, Leyland, PR26 7SN"
2026-08-01,1973940,CFL Kitchen - CrossFit Leyland,Restaurant/Cafe/Canteen,Unit 28,Marathon Place,Moss Side Industrial Estate,Leyland,PR26 7QN,South Ribble,AwaitingInspection,,FHRS,False,53.7025323,-2.7259188,"Unit 28, Marathon Place, Moss Side Industrial Estate, Leyland, PR26 7QN"
2026-08-01,1973936,Fire Grill & Indulgence Desserts,Restaurant/Cafe/Canteen,13 - 15 Hough Lane,Leyland,Preston,Lancashire,PR5 1SB,South Ribble,5,2026-07-21,FHRS,False,,,"13 - 15 Hough Lane, Leyland, Preston, Lancashire, PR5 1SB"
2026-08-01,1973935,Luigis,Restaurant/Cafe/Canteen,328 Leyland Lane,Leyland,Lancashire,,PR25 1UQ,South Ribble,5,2026-07-27,FHRS,False,53.6897965,-2.7168562,"328 Leyland Lane, Leyland, Lancashire, PR25 1UQ"
2026-08-01,1933286,Venue462,Restaurant/Cafe/Canteen,462 Leyland Road,Lostock Hall,Preston,Lancashire,PR5 5RY,South Ribble,5,2026-07-14,FHRS,False,53.7268039,-2.6934931,"462 Leyland Road, Lostock Hall, Preston, Lancashire, PR5 5RY"
2026-08-01,1974232,Sea Garden,Restaurant/Cafe/Canteen,3A Greenhall Road Gorebridge EH23 4AW,,,,EH23 4AW,Midlothian,Pass,2026-07-31,FHIS,False,55.8499876,-3.0551977,"3A Greenhall Road Gorebridge EH23 4AW, EH23 4AW"
2026-08-01,1974231,Smash N Slice,Restaurant/Cafe/Canteen,55 High Street Bonnyrigg EH19 2DB,,,,EH19 2DB,Midlothian,Improvement Required,2026-07-02,FHIS,False,55.8762133,-3.106672,"55 High Street Bonnyrigg EH19 2DB, EH19 2DB"
2026-08-01,81284,The Boathouse,Restaurant/Cafe/Canteen,Boathouse Hotel,Porth-Y-Felin Road,Holyhead,Isle Of Anglesey,LL65 1YF,Anglesey,AwaitingInspection,,FHRS,False,53.316604,-4.645065,"Boathouse Hotel, Porth-Y-Felin Road, Holyhead, Isle Of Anglesey, LL65 1YF"
2026-08-01,1974240,Il Sapore,Restaurant/Cafe/Canteen,12B Victoria Avenue,,Cambridge,Cambridgeshire,CB4 1EH,Cambridge City,AwaitingInspection,,FHRS,False,52.2139528,0.1254548,"12B Victoria Avenue, Cambridge, Cambridgeshire, CB4 1EH"
2026-08-01,1974245,Layali Beirut,Restaurant/Cafe/Canteen,74 Mill Road,,Cambridge,Cambridgeshire,CB1 2AS,Cambridge City,AwaitingInspection,,FHRS,False,52.2002423,0.1362733,"74 Mill Road, Cambridge, Cambridgeshire, CB1 2AS"
2026-08-01,1974244,MANGIA E BEVI,Restaurant/Cafe/Canteen,152 - 156 Hills Road,,Cambridge,Cambridgeshire,CB2 8PB,Cambridge City,AwaitingInspection,,FHRS,False,52.1888287,0.135916,"152 - 156 Hills Road, Cambridge, Cambridgeshire, CB2 8PB"
2026-08-01,1974243,One day,Restaurant/Cafe/Canteen,91A Cherry Hinton Road,,Cambridge,Cambridgeshire,CB1 7BS,Cambridge City,AwaitingInspection,,FHRS,False,52.1888063,0.1411233,"91A Cherry Hinton Road, Cambridge, Cambridgeshire, CB1 7BS"
2026-08-01,1974248,Salathong,Restaurant/Cafe/Canteen,37 Newnham Road,,Cambridge,Cambridgeshire,CB3 9EY,Cambridge City,AwaitingInspection,,FHRS,False,52.1989932,0.113751,"37 Newnham Road, Cambridge, Cambridgeshire, CB3 9EY"
2026-08-01,1974247,The Arbury Social,Restaurant/Cafe/Canteen,Meadows Community Centre 299 Arbury Road,,Cambridge,Cambridgeshire,CB4 2JL,Cambridge City,AwaitingInspection,,FHRS,False,52.2305198,0.1187479,"Meadows Community Centre 299 Arbury Road, Cambridge, Cambridgeshire, CB4 2JL"
2026-08-01,1974041,Gingerbread Cafe,Restaurant/Cafe/Canteen,The Gingerbread Kitchen Gildredge Park The Goffs,,Eastbourne,East Sussex,BN21 1HF,Eastbourne,AwaitingInspection,,FHRS,False,,,"The Gingerbread Kitchen Gildredge Park The Goffs, Eastbourne, East Sussex, BN21 1HF"
2026-08-01,1974044,Mr Hau's Oriental Express,Restaurant/Cafe/Canteen,213 Terminus Road,,Eastbourne,East Sussex,BN21 3DH,Eastbourne,AwaitingInspection,,FHRS,False,50.76712,0.28988,"213 Terminus Road, Eastbourne, East Sussex, BN21 3DH"
2026-08-01,1974042,The Full Monty,Restaurant/Cafe/Canteen,108 Seaside,,Eastbourne,East Sussex,BN22 7QP,Eastbourne,AwaitingInspection,,FHRS,False,50.7723691,0.2948822,"108 Seaside, Eastbourne, East Sussex, BN22 7QP"
2026-08-01,1969930,Manna,Restaurant/Cafe/Canteen,Unit 4,Maclaines Warehouse,Haven Road,Exeter,EX2 8GR,Exeter City,AwaitingInspection,,FHRS,False,50.7168367,-3.5294067,"Unit 4, Maclaines Warehouse, Haven Road, Exeter, EX2 8GR"
2026-08-01,1974289,Piccolo Italia,Restaurant/Cafe/Canteen,,294 Wigan Road,Bolton,,BL3 5QT,Bolton,AwaitingInspection,,FHRS,False,53.56789,-2.463329,"294 Wigan Road, Bolton, BL3 5QT"
2026-08-01,1974291,"Sweet Balance, Health Grill and Wellness Kitchen",Restaurant/Cafe/Canteen,,36 Catterick Drive,Little Lever,Bolton,BL3 1EL,Bolton,AwaitingInspection,,FHRS,False,53.5601739,-2.3769202,"36 Catterick Drive, Little Lever, Bolton, BL3 1EL"
2026-08-01,1974098,Elior Kiosks @ Dundee United FC,Restaurant/Cafe/Canteen,Tannadice Park,Tannadice Street,Dundee,,DD3 7JW,Dundee City,Pass,2026-07-21,FHIS,False,56.4741374,-2.9680423,"Tannadice Park, Tannadice Street, Dundee, DD3 7JW"
2026-08-01,1974076,Bouncing Bunnies,Restaurant/Cafe/Canteen,W R Sports Club,The Centre,Woodthorpe Road,Ashford,TW15 3JX,Spelthorne,AwaitingInspection,,FHRS,False,51.434244,-0.475985,"W R Sports Club, The Centre, Woodthorpe Road, Ashford, TW15 3JX"
2026-08-01,1974074,Prantha Junction Ltd,Restaurant/Cafe/Canteen,159 High Street,Staines-upon-Thames,,,TW18 4PA,Spelthorne,AwaitingInspection,,FHRS,False,51.434963,-0.506706,"159 High Street, Staines-upon-Thames, TW18 4PA"
2026-08-01,1974049,Sprees Farm,Restaurant/Cafe/Canteen,,Bartestree,,Hereford,HR1 4BY,Herefordshire,AwaitingInspection,,FHRS,False,52.065876,-2.646387,"Bartestree, Hereford, HR1 4BY"
2026-08-01,1974050,Wild Garden Kinsham,Restaurant/Cafe/Canteen,Apple Tree Cottage,1 Estate Yard,,Kinsham,LD8 2HW,Herefordshire,AwaitingInspection,,FHRS,False,,,"Apple Tree Cottage, 1 Estate Yard, Kinsham, LD8 2HW"
2026-08-01,1974226,Books \& Beans,Restaurant/Cafe/Canteen,64 Peascod Street,Windsor,,,SL4 1DE,Windsor and Maidenhead,AwaitingInspection,,FHRS,False,51.48061,-0.611553,"64 Peascod Street, Windsor, SL4 1DE"
2026-08-01,1973982,Pie Eyed,Restaurant/Cafe/Canteen,637 Shore Road,,Newtownabbey,,BT37 0ST,Antrim and Newtownabbey,5,2026-07-21,FHRS,False,54.6773363,-5.8911935,"637 Shore Road, Newtownabbey, BT37 0ST"
2026-08-01,1974199,Camouflage Cafe,Restaurant/Cafe/Canteen,Office Bentham House 2 - 4 Station Way,,Woolwich,Greenwich,SE18 6FJ,Greenwich,AwaitingInspection,,FHRS,False,51.4915201,0.0721978,"Office Bentham House 2 - 4 Station Way, Woolwich, Greenwich, SE18 6FJ"
2026-08-01,1974192,M3 Ent Promotions Ltd,Restaurant/Cafe/Canteen,250 Plumstead High Street,,Plumstead,Greenwich,SE18 1JN,Greenwich,AwaitingInspection,,FHRS,False,51.4860689,0.0979993,"250 Plumstead High Street, Plumstead, Greenwich, SE18 1JN"
2026-08-01,1974201,Sobelle,Restaurant/Cafe/Canteen,102 - 104 Trafalgar Road,,Greenwich,,SE10 9UW,Greenwich,AwaitingInspection,,FHRS,False,51.4840563,0.0017068,"102 - 104 Trafalgar Road, Greenwich, SE10 9UW"
2026-08-01,1974034,Soma X New Image Gym,Restaurant/Cafe/Canteen,New Image Gym,Church Lane,,Sleaford,NG34 7DF,North Kesteven,AwaitingInspection,,FHRS,False,53.001327,-0.409893,"New Image Gym, Church Lane, Sleaford, NG34 7DF"
2026-08-01,1969909,Kehelland Trust,Restaurant/Cafe/Canteen,Kehelland Horticultural Centre,Kehelland,Camborne,Cornwall,TR14 0DE,Cornwall,5,2026-07-23,FHRS,False,50.222296,-5.336211,"Kehelland Horticultural Centre, Kehelland, Camborne, Cornwall, TR14 0DE"
2026-08-01,1940743,The Daily Grind,Restaurant/Cafe/Canteen,14 New Road,Port Isaac,Cornwall,,PL29 3SB,Cornwall,5,2026-07-28,FHRS,False,50.5941665,-4.8292892,"14 New Road, Port Isaac, Cornwall, PL29 3SB"
2026-08-01,1974283,The Grazing Barn Cafe And Farm Shop,Restaurant/Cafe/Canteen,Tresillian Barton,Summercourt,Newquay,Cornwall,TR8 5AA,Cornwall,5,2026-07-21,FHRS,False,,,"Tresillian Barton, Summercourt, Newquay, Cornwall, TR8 5AA"
2026-08-01,1974261,Zacry's On The Sea Wall,Restaurant/Cafe/Canteen,Zacrys On The Sea Wall,Watergate Bay Hotel,Trevarrian Hill,Watergate Bay,TR8 4AA,Cornwall,4,2026-06-30,FHRS,False,,,"Zacrys On The Sea Wall, Watergate Bay Hotel, Trevarrian Hill, Watergate Bay, TR8 4AA"
2026-08-01,1705642,Fafa Cha,Restaurant/Cafe/Canteen,Unit 1 Leeming House,Market Buildings,Kirkgate,Leeds,LS2 7HH,Leeds,1,2026-07-10,FHRS,False,53.796805,-1.5397738,"Unit 1 Leeming House, Market Buildings, Kirkgate, Leeds, LS2 7HH"
2026-08-01,81284,Gwesty'r Boathouse,Restaurant/Cafe/Canteen,Gwesty'r Boathouse,Ffordd Porth-y-Felin Road,Caergybi,Ynys Môn,LL65 1YF,Ynys Môn,AwaitingInspection,,FHRS,False,53.316604,-4.645065,"Gwesty'r Boathouse, Ffordd Porth-y-Felin Road, Caergybi, Ynys Môn, LL65 1YF"
2026-08-01,1974366,Bloom & Bite,Restaurant/Cafe/Canteen,,2 Quarry Road,Irvine,North Ayrshire,KA12 0TQ,North Ayrshire,Awaiting Inspection,,FHIS,False,55.6177696,-4.6683203,"2 Quarry Road, Irvine, North Ayrshire, KA12 0TQ"
2026-08-01,1974367,Eglinton Street Cafe,Restaurant/Cafe/Canteen,,65 Eglinton Road,Ardrossan,North Ayrshire,KA22 8NF,North Ayrshire,Awaiting Inspection,,FHIS,False,55.6494675,-4.8133215,"65 Eglinton Road, Ardrossan, North Ayrshire, KA22 8NF"
2026-08-01,1974376,West Coast Crucible Community Gaming Hub,Restaurant/Cafe/Canteen,,71 Dockhead Street,Saltcoats,North Ayrshire,KA21 5ED,North Ayrshire,Awaiting Inspection,,FHIS,False,55.6332903,-4.787611,"71 Dockhead Street, Saltcoats, North Ayrshire, KA21 5ED"
2026-08-01,1974015,Caol Ila Distillery Visitor Centre,Restaurant/Cafe/Canteen,Caol Ila Distillery Caol Ila Isle Of Islay Argyll And Bute PA46 7RL,,,,PA46 7RL,Argyll and Bute,Awaiting Inspection,2026-07-22,FHIS,False,,,"Caol Ila Distillery Caol Ila Isle Of Islay Argyll And Bute PA46 7RL, PA46 7RL"
2026-08-01,1974014,Lagavulin Distillery Visitor Centre,Restaurant/Cafe/Canteen,Lagavulin Distillery Lagavulin Isle Of Islay Argyll And Bute PA42 7DZ,,,,PA42 7DZ,Argyll and Bute,Awaiting Inspection,2026-07-22,FHIS,False,,,"Lagavulin Distillery Lagavulin Isle Of Islay Argyll And Bute PA42 7DZ, PA42 7DZ"
2026-08-01,1974016,Oban Distillery Visitor Centre,Restaurant/Cafe/Canteen,Oban Distillery 45 Stafford Street Oban Argyll And Bute PA34 5NH,,,,PA34 5NH,Argyll and Bute,Awaiting Inspection,2026-07-22,FHIS,False,56.4149104,-5.4718774,"Oban Distillery 45 Stafford Street Oban Argyll And Bute PA34 5NH, PA34 5NH"
2026-08-01,1974012,Wiggle Room Play Cafe,Restaurant/Cafe/Canteen,89 West Clyde Street Helensburgh Argyll And Bute G84 8BB,,,,G84 8BB,Argyll and Bute,Awaiting Inspection,2026-07-17,FHIS,False,56.0041247,-4.7405615,"89 West Clyde Street Helensburgh Argyll And Bute G84 8BB, G84 8BB"
2026-08-01,1974392,Finkin in the Hollow,Restaurant/Cafe/Canteen,Bull in the Hollow Farm,Loughborough Road,,Quorn,LE12 8UE,Charnwood,AwaitingInspection,,FHRS,False,52.7571963,-1.1904686,"Bull in the Hollow Farm, Loughborough Road, Quorn, LE12 8UE"
2026-08-01,1974390,Sam’s Grills,Restaurant/Cafe/Canteen,,42a Brook Street,,Shepshed,LE12 9RG,Charnwood,AwaitingInspection,,FHRS,False,52.7751734,-1.289858,"42a Brook Street, Shepshed, LE12 9RG"
2026-08-01,1973932,Harman Bagels,Restaurant/Cafe/Canteen,12 Ticklemore Street,Totnes,,,TQ9 5EJ,South Hams,AwaitingInspection,,FHRS,False,50.430228,-3.683996,"12 Ticklemore Street, Totnes, TQ9 5EJ"
2026-08-01,1974324,Casa Luso Brasileira Cafe - Restaurant,Restaurant/Cafe/Canteen,101 Streatham Vale,London,,,SW16 5SQ,Lambeth,AwaitingInspection,,FHRS,False,51.415383,-0.139322,"101 Streatham Vale, London, SW16 5SQ"
2026-08-01,1974327,Clapham Library Cafe,Restaurant/Cafe/Canteen,91 Clapham High Street,London,,,SW4 7DB,Lambeth,AwaitingInspection,,FHRS,False,51.46318365,-0.13393969,"91 Clapham High Street, London, SW4 7DB"
2026-08-01,1974307,Kasama,Restaurant/Cafe/Canteen,384 Coldharbour Lane,London,,,SW9 8LF,Lambeth,AwaitingInspection,,FHRS,False,51.461868,-0.113088,"384 Coldharbour Lane, London, SW9 8LF"
2026-08-01,1929754,Moonlight,Restaurant/Cafe/Canteen,133 Stockwell Road,London,,,SW9 9TN,Lambeth,AwaitingInspection,,FHRS,False,51.467307,-0.117414,"133 Stockwell Road, London, SW9 9TN"
2026-08-01,1974318,Nook,Restaurant/Cafe/Canteen,124 Streatham High Road,London,,,SW16 1BW,Lambeth,AwaitingInspection,,FHRS,False,51.4339699,-0.1285873,"124 Streatham High Road, London, SW16 1BW"
2026-08-01,1974312,Piece Of Velvet,Restaurant/Cafe/Canteen,Unit 74,Granville Arcade,Coldharbour Lane,London,SW9 8PS,Lambeth,AwaitingInspection,,FHRS,False,51.462631,-0.111819,"Unit 74, Granville Arcade, Coldharbour Lane, London, SW9 8PS"
2026-08-01,1974329,Sage & Poppy,Restaurant/Cafe/Canteen,353 Norwood Road,London,,,SE27 9BQ,Lambeth,AwaitingInspection,,FHRS,False,51.4403766,-0.1058784,"353 Norwood Road, London, SE27 9BQ"
2026-08-01,1974331,Sipp,Restaurant/Cafe/Canteen,86 Stockwell Road,London,,,SW9 9JQ,Lambeth,AwaitingInspection,,FHRS,False,51.4690873,-0.1196352,"86 Stockwell Road, London, SW9 9JQ"
2026-08-01,1974323,Tacos Mx Pro,Restaurant/Cafe/Canteen,176 Wandsworth Road,London,,,SW8 2LA,Lambeth,AwaitingInspection,,FHRS,False,51.4769489,-0.130444,"176 Wandsworth Road, London, SW8 2LA"
2026-08-01,484211,The Lal Baag,Restaurant/Cafe/Canteen,8 Knight's Hill,London,,,SE27 0HY,Lambeth,2,2023-02-08,FHRS,False,51.43267,-0.104178,"8 Knight's Hill, London, SE27 0HY"
2026-08-01,1974319,Third Coffee,Restaurant/Cafe/Canteen,79 Streatham High Road,London,,,SW16 1PH,Lambeth,AwaitingInspection,,FHRS,True,51.4310561,-0.1291379,"79 Streatham High Road, London, SW16 1PH"
2026-08-01,1974321,Tumba Grill,Restaurant/Cafe/Canteen,129 Streatham High Road,London,,,SW16 1HJ,Lambeth,AwaitingInspection,,FHRS,False,51.4296264,-0.1302752,"129 Streatham High Road, London, SW16 1HJ"
2026-08-01,1974004,KFC Witham,Restaurant/Cafe/Canteen,Unit 2 And 3,Griggs Way,Witham,Essex,CM8 1ZR,Braintree,AwaitingInspection,,FHRS,False,,,"Unit 2 And 3, Griggs Way, Witham, Essex, CM8 1ZR"
2026-08-01,1974094,The Coffee Edit With Gather By Gray,Restaurant/Cafe/Canteen,5 Main Parade,Chorleywood,Rickmansworth,Hertfordshire,WD3 5RB,Three Rivers,AwaitingInspection,,FHRS,False,51.6554298400879,-0.521531999111176,"5 Main Parade, Chorleywood, Rickmansworth, Hertfordshire, WD3 5RB"
2026-08-01,1974334,Chinwa's Munch,Restaurant/Cafe/Canteen,,,,,,Gloucester City,AwaitingInspection,,FHRS,False,,,
2026-08-01,1974332,Sweet Impressions,Restaurant/Cafe/Canteen,,,,,,Gloucester City,AwaitingInspection,,FHRS,False,,,
2026-08-01,1974335,The Illegal Kitchen,Restaurant/Cafe/Canteen,,,,,,Gloucester City,AwaitingInspection,,FHRS,False,,,
2026-08-01,1974344,Bewiched Coffee,Restaurant/Cafe/Canteen,Coventry And East Mercia Co-Operative Society Ltd,Kem Street,,Nuneaton,CV11 4LH,Nuneaton and Bedworth,AwaitingInspection,,FHRS,False,,,"Coventry And East Mercia Co-Operative Society Ltd, Kem Street, Nuneaton, CV11 4LH"
2026-08-01,1974358,Dinner Drop also T/A Little Oak Kitchen,Restaurant/Cafe/Canteen,,,,,,Nuneaton and Bedworth,AwaitingInspection,,FHRS,False,,,
2026-08-01,1974346,Gurkirpa Savouries,Restaurant/Cafe/Canteen,,,,,,Nuneaton and Bedworth,AwaitingInspection,,FHRS,False,,,
2026-08-01,1974353,KA13 Kitchen also trading as SLJ Home Kitchen,Restaurant/Cafe/Canteen,,,,,,Nuneaton and Bedworth,AwaitingInspection,,FHRS,False,,,
2026-08-01,1974343,Mealsbyng,Restaurant/Cafe/Canteen,,,,,,Nuneaton and Bedworth,5,2026-07-13,FHRS,False,,,
2026-08-01,235258,R S Components,Restaurant/Cafe/Canteen,R S Components Ltd,Walsingham Drive,,Nuneaton,CV10 7RS,Nuneaton and Bedworth,5,2026-07-02,FHRS,False,52.500945,-1.486148,"R S Components Ltd, Walsingham Drive, Nuneaton, CV10 7RS"
2026-08-01,1974349,Sugar Shed,Restaurant/Cafe/Canteen,,,,,,Nuneaton and Bedworth,AwaitingInspection,,FHRS,False,,,
2026-08-01,683292,ThePropaSarniesCo.,Restaurant/Cafe/Canteen,,,,,,Nuneaton and Bedworth,5,2026-07-13,FHRS,False,,,
2026-08-01,1974355,Tooty Fruity,Restaurant/Cafe/Canteen,,123b Queens Road,,Nuneaton,CV11 5LD,Nuneaton and Bedworth,AwaitingInspection,,FHRS,False,52.5223065,-1.4759654,"123b Queens Road, Nuneaton, CV11 5LD"
2026-08-01,1974345,Twinkle Twinkle Rainbow,Restaurant/Cafe/Canteen,,,,,,Nuneaton and Bedworth,5,2026-07-07,FHRS,False,,,
2026-08-01,1973963,Punta Cana Bar & Restaurant,Restaurant/Cafe/Canteen,125 Beulah Road,Thornton Heath,,,CR7 8JJ,Croydon,AwaitingInspection,,FHRS,False,51.4049797058105,-0.0996439978480339,"125 Beulah Road, Thornton Heath, CR7 8JJ"
2026-08-01,1973964,Vrindavan,Restaurant/Cafe/Canteen,81 Thornton Road,Thornton Heath,,,CR7 6BD,Croydon,AwaitingInspection,,FHRS,False,51.3923835754395,-0.116466000676155,"81 Thornton Road, Thornton Heath, CR7 6BD"
2026-08-01,1974063,Black Sheep Coffee,Restaurant/Cafe/Canteen,Unit F Towns Moor Retail Park Great Bolton Street,,Blackburn,Blackburn With Darwen,BB2 3PX,Blackburn,AwaitingInspection,,FHRS,False,53.7417983,-2.4822652,"Unit F Towns Moor Retail Park Great Bolton Street, Blackburn, Blackburn With Darwen, BB2 3PX"
2026-08-01,1974064,Dezato Blackburn Ltd,Restaurant/Cafe/Canteen,30 Tontine Street,,Blackburn,Blackburn With Darwen,BB1 7ED,Blackburn,AwaitingInspection,,FHRS,False,53.7511704,-2.4850721,"30 Tontine Street, Blackburn, Blackburn With Darwen, BB1 7ED"
2026-08-01,1961317,Coffee Shop At Arden And Scott,Restaurant/Cafe/Canteen,23 Camp Road,Farnborough,Hampshire,,GU14 6EN,Rushmoor,5,2026-07-31,FHRS,False,51.2754295,-0.7476204,"23 Camp Road, Farnborough, Hampshire, GU14 6EN"
2026-08-01,1974141,Aspendos,Restaurant/Cafe/Canteen,,8-10 Queensgate,Inverness,,IV1 1DA,Highland,Awaiting Inspection,,FHIS,False,57.4795286,-4.2259249,"8-10 Queensgate, Inverness, IV1 1DA"
2026-08-01,1974111,Collections,Restaurant/Cafe/Canteen,,2 Rotterdam Street,Thurso,Highland,KW14 8AA,Highland,Awaiting Inspection,,FHIS,False,58.595143,-3.519855,"2 Rotterdam Street, Thurso, Highland, KW14 8AA"
2026-08-01,1974133,Constables Bothy,Restaurant/Cafe/Canteen,,1 Grampian Road,Aviemore,Highland,PH22 1RH,Highland,Awaiting Inspection,,FHIS,False,,,"1 Grampian Road, Aviemore, Highland, PH22 1RH"
2026-08-01,1974154,Courtyard Cafe,Restaurant/Cafe/Canteen,,Harpers Court,Dingwall,,IV15 9HT,Highland,Awaiting Inspection,,FHIS,False,,,"Harpers Court, Dingwall, IV15 9HT"
2026-08-01,1974109,DesseteNess,Restaurant/Cafe/Canteen,Unit 4 Eastgate Shopping Centre,11 Eastgate,Inverness,Highland,IV2 3PP,Highland,Awaiting Inspection,,FHIS,False,,,"Unit 4 Eastgate Shopping Centre, 11 Eastgate, Inverness, Highland, IV2 3PP"
2026-08-01,1974144,Glencoe Farm Shop and Cafe,Restaurant/Cafe/Canteen,,Main Street,Glencoe,Ballachulish,PH49 4HS,Highland,Awaiting Inspection,,FHIS,False,,,"Main Street, Glencoe, Ballachulish, PH49 4HS"
2026-08-01,1974113,Pasha Turkish Restaurant,Restaurant/Cafe/Canteen,,26 Queensgate,Inverness,Highland,IV1 1DJ,Highland,Awaiting Inspection,,FHIS,False,57.479312,-4.226818,"26 Queensgate, Inverness, Highland, IV1 1DJ"
2026-08-01,1849899,River Black Water Inn,Restaurant/Cafe/Canteen,,River Black Water inn Garve,,,IV23 2PH,Highland,Pass,2026-07-22,FHIS,False,,,"River Black Water inn Garve, IV23 2PH"
2026-08-01,1974145,The Caledonian,Restaurant/Cafe/Canteen,,1 High Street,Inverness,Highland,IV1 1HY,Highland,Awaiting Inspection,,FHIS,False,57.477885,-4.224712,"1 High Street, Inverness, Highland, IV1 1HY"
2026-08-01,1974142,The Crofter,Restaurant/Cafe/Canteen,The Crofter,7 High Street,Fort William,Highland,PH33 6DH,Highland,Awaiting Inspection,,FHIS,False,,,"The Crofter, 7 High Street, Fort William, Highland, PH33 6DH"
2026-08-01,1935713,The Northern Plate,Restaurant/Cafe/Canteen,,The Old Pavilion,Pentland Cresent,Thurso,KW14 8BL,Highland,Awaiting Inspection,,FHIS,False,,,"The Old Pavilion, Pentland Cresent, Thurso, KW14 8BL"
2026-08-01,1974114,The Three Little Bakers Ltd,Restaurant/Cafe/Canteen,,unit 5a Leys Square,Inverness,Highland,IV2 6HF,Highland,Awaiting Inspection,,FHIS,False,,,"unit 5a Leys Square, Inverness, Highland, IV2 6HF"
2026-08-01,1974110,Wingstop UK,Restaurant/Cafe/Canteen,,Eastfield Way,Inverness,Highland,IV2 7GD,Highland,Awaiting Inspection,,FHIS,False,,,"Eastfield Way, Inverness, Highland, IV2 7GD"
2026-08-02,1974407,Cam’s Fish Bar,Restaurant/Cafe/Canteen,2 Yew Street,Troedyrhiw,Merthyr Tydfil,,CF48 4DZ,Merthyr Tydfil,AwaitingInspection,,FHRS,False,51.711875,-3.347478,"2 Yew Street, Troedyrhiw, Merthyr Tydfil, CF48 4DZ"
2026-08-02,1974407,Cam’s Fish Bar,Restaurant/Cafe/Canteen,2 Yew Street,Troedyrhiw,Merthyr Tydfil,,CF48 4DZ,Merthyr Tudful,AwaitingInspection,,FHRS,False,51.711875,-3.347478,"2 Yew Street, Troedyrhiw, Merthyr Tydfil, CF48 4DZ"
2026-08-04,1974426,A & j sanchez limited,Restaurant/Cafe/Canteen,,59,Denmark Hill,London,SE5 8RS,Southwark,AwaitingInspection,,FHRS,False,51.47171,-0.09274,"59, Denmark Hill, London, SE5 8RS"
2026-08-04,1974413,Blue nile,Restaurant/Cafe/Canteen,,25,Meeting House Lane,London,SE15 2UN,Southwark,AwaitingInspection,,FHRS,False,51.477146,-0.06014,"25, Meeting House Lane, London, SE15 2UN"
2026-08-04,1974410,City hope church,Restaurant/Cafe/Canteen,Drummond Christian Centre,121,Drummond Road,London,SE16 2JY,Southwark,AwaitingInspection,,FHRS,False,51.493923,-0.0604269,"Drummond Christian Centre, 121, Drummond Road, London, SE16 2JY"
2026-08-04,1974416,El senorio criollo,Restaurant/Cafe/Canteen,,222,Old Kent Road,London,SE1 5UB,Southwark,AwaitingInspection,,FHRS,False,51.4896912,-0.0799187,"222, Old Kent Road, London, SE1 5UB"
2026-08-04,1974437,Kismet,Restaurant/Cafe/Canteen,,8,Bedale Street,London,SE1 9AL,Southwark,AwaitingInspection,,FHRS,False,51.505428,-0.090252,"8, Bedale Street, London, SE1 9AL"
2026-08-04,1974457,Konditor,Restaurant/Cafe/Canteen,Unit 4 London Bridge Underground Station,,Joiner Street,London,SE1 9BZ,Southwark,AwaitingInspection,,FHRS,False,,,"Unit 4 London Bridge Underground Station, Joiner Street, London, SE1 9BZ"
2026-08-04,1974436,Lady of the grapes london bridge,Restaurant/Cafe/Canteen,Chocolate Factory,4,Omeara Street,London,SE1 1TE,Southwark,AwaitingInspection,,FHRS,False,51.5045153,-0.0943584,"Chocolate Factory, 4, Omeara Street, London, SE1 1TE"
2026-08-04,1974414,Moka love ltd,Restaurant/Cafe/Canteen,,652,Old Kent Road,London,SE15 1JF,Southwark,AwaitingInspection,,FHRS,False,51.4825245,-0.0634169,"652, Old Kent Road, London, SE15 1JF"
2026-08-04,1974417,Rotherhithe community kitchen,Restaurant/Cafe/Canteen,Appleby Blue Alms House,94-116,Southwark Park Road,,SE16 3RD,Southwark,AwaitingInspection,,FHRS,False,51.4925849,-0.069235,"Appleby Blue Alms House, 94-116, Southwark Park Road, SE16 3RD"
2026-08-04,1974458,T4 tea for u - franchise,Restaurant/Cafe/Canteen,,22,Sumner Street,London,SE1 9JZ,Southwark,AwaitingInspection,,FHRS,False,51.5064992,-0.0999924,"22, Sumner Street, London, SE1 9JZ"
2026-08-04,1974418,Watchhouse,Restaurant/Cafe/Canteen,,21,Borough High Street,,,Southwark,AwaitingInspection,,FHRS,False,51.5051946,-0.0891281,"21, Borough High Street"
2026-08-04,1974653,Inigo Ltd,Restaurant/Cafe/Canteen,25 Fenchurch Avenue,London,,,EC3M 5AD,City of London Corporation,AwaitingInspection,,FHRS,False,51.512818,-0.080762,"25 Fenchurch Avenue, London, EC3M 5AD"
2026-08-04,1974656,Jenki,Restaurant/Cafe/Canteen,76 - 77 Old Broad Street,London,,,EC2M 1QP,City of London Corporation,AwaitingInspection,,FHRS,False,51.5174008,-0.0832551,"76 - 77 Old Broad Street, London, EC2M 1QP"
2026-08-04,1974652,Natural Fitness Food,Restaurant/Cafe/Canteen,31 Warwick Lane,London,,,EC4M 7BW,City of London Corporation,AwaitingInspection,,FHRS,False,,,"31 Warwick Lane, London, EC4M 7BW"
2026-08-04,1974655,Yorkshire Burrito,Restaurant/Cafe/Canteen,150 Cheapside,London,,,EC2V 6ET,City of London Corporation,AwaitingInspection,,FHRS,False,51.51512,-0.096765,"150 Cheapside, London, EC2V 6ET"
2026-08-04,1974742,Giggle Wiggle & Grow,Restaurant/Cafe/Canteen,10 Birmingham Road,,Coleshill,Warwickshire,B46 1AA,North Warwickshire,AwaitingInspection,,FHRS,False,,,"10 Birmingham Road, Coleshill, Warwickshire, B46 1AA"
2026-08-04,1974763,Ember at The Chandlers Arms,Restaurant/Cafe/Canteen,Chandlers Arms Sibford Road,,Epwell,Oxfordshire,OX15 6LH,Cherwell,AwaitingInspection,,FHRS,False,52.0595381,-1.4856855,"Chandlers Arms Sibford Road, Epwell, Oxfordshire, OX15 6LH"
2026-08-04,1974554,Mel's Cafe,Restaurant/Cafe/Canteen,Unit 3,Runnings Road,Cheltenham,Gloucestershire,GL51 9NQ,Cheltenham,AwaitingInspection,,FHRS,False,51.9191788,-2.0958442,"Unit 3, Runnings Road, Cheltenham, Gloucestershire, GL51 9NQ"
2026-08-04,1974553,The Flame,Restaurant/Cafe/Canteen,220 Bath Road,Cheltenham,Gloucestershire,,GL53 7ND,Cheltenham,AwaitingInspection,,FHRS,False,51.888249,-2.079852,"220 Bath Road, Cheltenham, Gloucestershire, GL53 7ND"
2026-08-04,1970591,The Fox,Restaurant/Cafe/Canteen,London Road,Charlton Kings,Cheltenham,Gloucestershire,GL54 4HG,Cheltenham,AwaitingInspection,,FHRS,False,51.87522,-2.020244,"London Road, Charlton Kings, Cheltenham, Gloucestershire, GL54 4HG"
2026-08-04,1974708,Budworth Sailing Club,Restaurant/Cafe/Canteen,Budworth Sailing Club Warrington Road,Great Budworth,Northwich,Cheshire,CW9 6HA,Cheshire West and Chester,AwaitingInspection,,FHRS,False,53.2895781,-2.5105543,"Budworth Sailing Club Warrington Road, Great Budworth, Northwich, Cheshire, CW9 6HA"
2026-08-04,1974721,Flames,Restaurant/Cafe/Canteen,34 Chester Street,,Chester,Cheshire,CH4 8BJ,Cheshire West and Chester,AwaitingInspection,,FHRS,False,53.1800009,-2.9166711,"34 Chester Street, Chester, Cheshire, CH4 8BJ"
2026-08-04,1974725,Jaf Pizza,Restaurant/Cafe/Canteen,47 Frodsham Street,,Chester,Cheshire,CH1 3JJ,Cheshire West and Chester,AwaitingInspection,,FHRS,False,53.19271896,-2.88870197,"47 Frodsham Street, Chester, Cheshire, CH1 3JJ"
2026-08-04,1974696,Al-Fasher Butchers,Restaurant/Cafe/Canteen,,313 Lower Broughton Road,Salford,,M7 2LH,Salford,AwaitingInspection,,FHRS,False,53.4982643,-2.2698983,"313 Lower Broughton Road, Salford, M7 2LH"
2026-08-04,1974703,Cafe L’Ammaya,Restaurant/Cafe/Canteen,155 BRIERCLIFFE ROAD,,BURNLEY,,BB10 1UY,Burnley,AwaitingInspection,,FHRS,False,53.803565,-2.2310462,"155 BRIERCLIFFE ROAD, BURNLEY, BB10 1UY"
2026-08-04,1974702,TSZS-UK Ltd T/A Feasto,Restaurant/Cafe/Canteen,42 BROUGHAM STREET,,BURNLEY,,BB12 0AT,Burnley,AwaitingInspection,,FHRS,False,53.7967914,-2.2474047,"42 BROUGHAM STREET, BURNLEY, BB12 0AT"
2026-08-04,1974747,Baked By Sweet Tooth,Restaurant/Cafe/Canteen,50 Albert Road,Southsea,,,PO5 2SJ,Portsmouth,AwaitingInspection,,FHRS,False,50.7869064,-1.0802551,"50 Albert Road, Southsea, PO5 2SJ"
2026-08-04,1956757,ESS,Restaurant/Cafe/Canteen,Police Investigation Centre,Merlin Park,Airport Service Road,Portsmouth,PO3 5GE,Portsmouth,AwaitingInspection,,FHRS,False,50.8256454467773,-1.05517303943634,"Police Investigation Centre, Merlin Park, Airport Service Road, Portsmouth, PO3 5GE"
2026-08-04,1974756,Lee Garden,Restaurant/Cafe/Canteen,5 Saunders House,Leith Avenue,Portsmouth,,PO6 4NY,Portsmouth,AwaitingInspection,,FHRS,False,50.85133,-1.117214,"5 Saunders House, Leith Avenue, Portsmouth, PO6 4NY"
2026-08-04,1974746,Papas Fish And Chips,Restaurant/Cafe/Canteen,Public House,The Clarence Pier,Long Curtain Road,Southsea,PO5 3XX,Portsmouth,AwaitingInspection,,FHRS,False,50.7868129,-1.1017071,"Public House, The Clarence Pier, Long Curtain Road, Southsea, PO5 3XX"
2026-08-04,1941523,Saffron Spice,Restaurant/Cafe/Canteen,82 Osborne Road,Southsea,,,PO5 3LU,Portsmouth,AwaitingInspection,,FHRS,False,50.784839630127,-1.09022200107574,"82 Osborne Road, Southsea, PO5 3LU"
2026-08-04,1974755,Southsea Beach Café,Restaurant/Cafe/Canteen,Eastney Esplanade,Portsmouth,,,PO4 0SP,Portsmouth,5,2026-06-30,FHRS,False,,,"Eastney Esplanade, Portsmouth, PO4 0SP"
2026-08-04,1974810,Black Lion Cafe,Restaurant/Cafe/Canteen,The Black Lion Main Street,,,Skelton On Ure,HG4 5AJ,North Yorkshire,AwaitingInspection,,FHRS,False,,,"The Black Lion Main Street, Skelton On Ure, HG4 5AJ"
2026-08-04,1974803,HIGGINS,Restaurant/Cafe/Canteen,The Coach House Main Street,Grassington,,Skipton,BD23 5AD,North Yorkshire,AwaitingInspection,,FHRS,False,54.0722067,-1.9980739,"The Coach House Main Street, Grassington, Skipton, BD23 5AD"
2026-08-04,1974806,The Plough Inn,Restaurant/Cafe/Canteen,Plough Inn 12 Main Street,,,Leeds,LS25 5JS,North Yorkshire,AwaitingInspection,,FHRS,False,53.7405625,-1.2558098,"Plough Inn 12 Main Street, Leeds, LS25 5JS"
2026-08-04,1974800,Twiggy Soft play Limited,Restaurant/Cafe/Canteen,CONCEPT BUSINESS COURT Unit 2 ALLENDALE ROAD,,,THIRSK,YO7 3NY,North Yorkshire,5,2026-07-29,FHRS,False,54.2330775,-1.331558,"CONCEPT BUSINESS COURT Unit 2 ALLENDALE ROAD, THIRSK, YO7 3NY"
2026-08-04,1974813,Handi Restaurant,Restaurant/Cafe/Canteen,,618 Roman Road,London,,E3 2RW,Tower Hamlets,AwaitingInspection,,FHRS,False,51.533712,-0.027342,"618 Roman Road, London, E3 2RW"
2026-08-04,1974524,The Oak Tree,Restaurant/Cafe/Canteen,59 Ipswich Road,Norwich,,,NR4 6LA,Norwich City,AwaitingInspection,,FHRS,False,52.611678,1.281851,"59 Ipswich Road, Norwich, NR4 6LA"
2026-08-04,1964740,Emmanuel Church,Restaurant/Cafe/Canteen,Emmanuel Church,1 Compton Avenue,Mannamead,Plymouth,PL3 5BZ,Plymouth City,4,2026-05-27,FHRS,False,50.38807,-4.1293917,"Emmanuel Church, 1 Compton Avenue, Mannamead, Plymouth, PL3 5BZ"
2026-08-04,451479,First Bite,Restaurant/Cafe/Canteen,,87 Union Street,Plymouth,,PL1 3NB,Plymouth City,AwaitingInspection,,FHRS,True,50.369579,-4.152451,"87 Union Street, Plymouth, PL1 3NB"
2026-08-04,1974634,Mint Leaf,Restaurant/Cafe/Canteen,16 Barnton Street,Stirling,,,FK8 1NA,Stirling,Awaiting Inspection,,FHIS,False,56.120257,-3.9379839,"16 Barnton Street, Stirling, FK8 1NA"
2026-08-04,1800615,7th Heaven,Restaurant/Cafe/Canteen,101 Wokingham Road,Reading,,,RG6 1LH,Reading,5,2025-02-14,FHRS,False,51.4484181,-0.9365756,"101 Wokingham Road, Reading, RG6 1LH"
2026-08-04,1873528,Afghan Palace Reading,Restaurant/Cafe/Canteen,308 Oxford Road,Reading,,,RG30 1AD,Reading,3,2026-01-13,FHRS,False,51.4566827,-0.9947601,"308 Oxford Road, Reading, RG30 1AD"
2026-08-04,1974502,All Nations Christian Centre,Restaurant/Cafe/Canteen,1 Berkeley Avenue,Reading,,,RG1 6JE,Reading,4,2026-05-29,FHRS,False,51.4477305,-0.9826959,"1 Berkeley Avenue, Reading, RG1 6JE"
2026-08-04,1847684,Amò - Italian Street Food,Restaurant/Cafe/Canteen,Unit 2 2-4 Kings Road,Reading,,,RG1 3AA,Reading,5,2025-05-16,FHRS,False,51.4548379,-0.9687359,"Unit 2 2-4 Kings Road, Reading, RG1 3AA"
2026-08-04,1957583,Amorino,Restaurant/Cafe/Canteen,37 Broad Street,Reading,,,RG1 2AA,Reading,5,2026-06-23,FHRS,False,51.4558328,-0.9724555,"37 Broad Street, Reading, RG1 2AA"
2026-08-04,1928780,ANJAPPAR Chettinad Indian Restaurant,Restaurant/Cafe/Canteen,74 Kings Road,Reading,,,RG1 3BJ,Reading,1,2026-03-13,FHRS,False,51.4545933,-0.9654744,"74 Kings Road, Reading, RG1 3BJ"
2026-08-04,1955769,Anu's Dessert Café,Restaurant/Cafe/Canteen,40 Church Street Caversham,Reading,,,RG4 8AU,Reading,AwaitingInspection,,FHRS,False,51.467603,-0.9734296,"40 Church Street Caversham, Reading, RG4 8AU"
2026-08-04,1909649,Ashanti Royale Restaurant and Catering Services,Restaurant/Cafe/Canteen,152 Oxford Road,Reading,,,RG1 7PJ,Reading,1,2025-12-10,FHRS,False,51.4557342,-0.9879875,"152 Oxford Road, Reading, RG1 7PJ"
2026-08-04,1974499,Atlas Shawarma,Restaurant/Cafe/Canteen,349 Oxford Road,Reading,,,RG30 1AY,Reading,AwaitingInspection,,FHRS,False,51.4561898,-0.9939073,"349 Oxford Road, Reading, RG30 1AY"
2026-08-04,1873522,Bagaara,Restaurant/Cafe/Canteen,256 Shinfield Road,Reading,,,RG2 8EY,Reading,4,2025-09-16,FHRS,False,51.4262124,-0.9470297,"256 Shinfield Road, Reading, RG2 8EY"
2026-08-04,1928785,BaxterStorey - Deloitte,Restaurant/Cafe/Canteen,Abbots House Abbey Street,Reading,,,RG1 3BD,Reading,5,2026-03-26,FHRS,False,51.456272,-0.9661705,"Abbots House Abbey Street, Reading, RG1 3BD"
2026-08-04,1855402,BaxterStorey at One Station Hill,Restaurant/Cafe/Canteen,One Station Hill Garrard Street,Reading,,,RG1 1NR,Reading,5,2025-06-20,FHRS,False,,,"One Station Hill Garrard Street, Reading, RG1 1NR"
2026-08-04,1859258,Black Sheep Coffee,Restaurant/Cafe/Canteen,60 Broad Street,Reading,,,RG1 2AF,Reading,5,2026-07-10,FHRS,False,51.4557598,-0.9743857,"60 Broad Street, Reading, RG1 2AF"
2026-08-04,1911409,Blip,Restaurant/Cafe/Canteen,8 Park Lane Tilehurst,Reading,,,RG31 5DL,Reading,5,2026-01-22,FHRS,False,51.4566127,-1.04449,"8 Park Lane Tilehurst, Reading, RG31 5DL"
2026-08-04,1892175,Bowl Central,Restaurant/Cafe/Canteen,65 Caversham Road,Reading,,,RG1 8AD,Reading,5,2026-01-08,FHRS,False,51.4603622,-0.9762691,"65 Caversham Road, Reading, RG1 8AD"
2026-08-04,1928796,Cafe Local,Restaurant/Cafe/Canteen,Royal Berkshire Hospital,London Road,Reading,,RG1 5AN,Reading,5,2026-03-07,FHRS,False,51.4508195,-0.9586953,"Royal Berkshire Hospital, London Road, Reading, RG1 5AN"
2026-08-04,1907199,Cafe Yolk,Restaurant/Cafe/Canteen,14 Wokingham Road,Reading,,,RG6 1JG,Reading,5,2026-03-04,FHRS,False,51.4525947,-0.9480344,"14 Wokingham Road, Reading, RG6 1JG"
2026-08-04,1873524,Caffe Nero,Restaurant/Cafe/Canteen,4-5 Broad Street,Reading,,,RG1 2BH,Reading,5,2025-09-04,FHRS,False,51.4554002,-0.9703064,"4-5 Broad Street, Reading, RG1 2BH"
2026-08-04,1928811,Cake and Beyond,Restaurant/Cafe/Canteen,2a Dunstall Close Tilehurst,Reading,,,RG31 5AY,Reading,5,2026-04-28,FHRS,False,51.4586597,-1.0403034,"2a Dunstall Close Tilehurst, Reading, RG31 5AY"
2026-08-04,1939935,Chick Bunz,Restaurant/Cafe/Canteen,41 Wokingham Road,Reading,,,RG6 1LG,Reading,3,2026-03-12,FHRS,False,51.4495102,-0.938018,"41 Wokingham Road, Reading, RG6 1LG"
2026-08-04,1928765,Chillim,Restaurant/Cafe/Canteen,56 St Mary's Butts,Reading,,,RG1 2LG,Reading,1,2026-03-05,FHRS,False,51.454666,-0.97429,"56 St Mary's Butts, Reading, RG1 2LG"
2026-08-04,1847681,Compass at SSE,Restaurant/Cafe/Canteen,1 Forbury Place 43 Forbury Road,Reading,,,RG1 3JH,Reading,5,2025-04-30,FHRS,False,51.4579033,-0.9655867,"1 Forbury Place 43 Forbury Road, Reading, RG1 3JH"
2026-08-04,1855407,Cosy Club Reading,Restaurant/Cafe/Canteen,L30 The Oracle Shopping Centre Minster Street,Reading,,,RG1 2AQ,Reading,5,2025-07-16,FHRS,False,,,"L30 The Oracle Shopping Centre Minster Street, Reading, RG1 2AQ"
2026-08-04,1974474,Curry Chef,Restaurant/Cafe/Canteen,469 Northumberland Avenue,Reading,,,RG2 8LZ,Reading,3,2026-04-27,FHRS,False,51.4231545,-0.959051,"469 Northumberland Avenue, Reading, RG2 8LZ"
2026-08-04,1849949,Dolphin's Caribbean Restaurant And Bar,Restaurant/Cafe/Canteen,59-60 St Marys Butts,Reading,,,RG1 2LG,Reading,5,2025-05-13,FHRS,False,51.4548788,-0.9744198,"59-60 St Marys Butts, Reading, RG1 2LG"
2026-08-04,1859254,Eatnua,Restaurant/Cafe/Canteen,15 Gun Street,Reading,,,RG1 2JR,Reading,5,2025-08-01,FHRS,False,51.4541515,-0.9724788,"15 Gun Street, Reading, RG1 2JR"
2026-08-04,1910703,Esquires Coffee,Restaurant/Cafe/Canteen,8 Flagstaff Road,Reading,,,RG2 6AX,Reading,5,2026-03-11,FHRS,False,51.4257296,-0.9965173,"8 Flagstaff Road, Reading, RG2 6AX"
2026-08-04,1916899,Evians Food,Restaurant/Cafe/Canteen,Huntley Place 1 Flagstaff Road,Reading,,,RG2 6AR,Reading,5,2026-04-23,FHRS,False,51.4253658,-0.9960362,"Huntley Place 1 Flagstaff Road, Reading, RG2 6AR"
2026-08-04,1955767,Fat Twins Reading,Restaurant/Cafe/Canteen,120 London Road,Reading,,,RG1 5AY,Reading,3,2026-03-06,FHRS,False,51.4527649,-0.9489659,"120 London Road, Reading, RG1 5AY"
2026-08-04,1855400,Fire Thru at 365 Gym,Restaurant/Cafe/Canteen,33 Meadway Precinct Honey End Lane,Reading,,,RG30 4AA,Reading,1,2026-05-21,FHRS,False,51.449716,-1.017291,"33 Meadway Precinct Honey End Lane, Reading, RG30 4AA"
2026-08-04,1881129,Five Guys,Restaurant/Cafe/Canteen,Unit R13 The Riverside The Oracle,Reading,,,RG1 2AG,Reading,5,2026-03-02,FHRS,False,,,"Unit R13 The Riverside The Oracle, Reading, RG1 2AG"
2026-08-04,1847682,Gather & Gather UK,Restaurant/Cafe/Canteen,41 West Street,Reading,,,RG1 1TZ,Reading,5,2025-05-19,FHRS,False,51.4560444,-0.9760777,"41 West Street, Reading, RG1 1TZ"
2026-08-04,1888152,Happy Panda Café,Restaurant/Cafe/Canteen,80 Christchurch Road,Reading,,,RG2 7AZ,Reading,5,2026-07-09,FHRS,False,51.4426688,-0.9551977,"80 Christchurch Road, Reading, RG2 7AZ"
2026-08-04,1900939,Ibis Reading Centre,Restaurant/Cafe/Canteen,25A Friar Street,Reading,,,RG1 1DP,Reading,5,2025-10-24,FHRS,False,51.4569632,-0.9727917,"25A Friar Street, Reading, RG1 1DP"
2026-08-04,1907204,Intoku Bowls Sushi Bar,Restaurant/Cafe/Canteen,30a Chain Street,Reading,,,RG1 2HX,Reading,3,2025-12-23,FHRS,False,51.4552712,-0.973015,"30a Chain Street, Reading, RG1 2HX"
2026-08-04,1939946,Itsu,Restaurant/Cafe/Canteen,31 Queen Victoria Street,Reading,,,RG1 1SY,Reading,5,2026-04-14,FHRS,False,51.4558851,-0.9722672,"31 Queen Victoria Street, Reading, RG1 1SY"
2026-08-04,1928802,Joe & The Juice UK,Restaurant/Cafe/Canteen,U02 Bridge Street The Oracle Centre,Reading,,,RG1 2AQ,Reading,5,2026-03-25,FHRS,False,51.4538133,-0.9708313,"U02 Bridge Street The Oracle Centre, Reading, RG1 2AQ"
2026-08-04,1806712,Karak Chaii Reading,Restaurant/Cafe/Canteen,254 Oxford Road,Reading,,,RG30 1AD,Reading,4,2025-03-19,FHRS,False,51.4563167,-0.992969,"254 Oxford Road, Reading, RG30 1AD"
2026-08-04,1907202,Kings Chef,Restaurant/Cafe/Canteen,19 London Road,Reading,,,RG1 5BJ,Reading,1,2026-04-20,FHRS,False,51.4507161,-0.9663103,"19 London Road, Reading, RG1 5BJ"
2026-08-04,1847695,La Bella Café,Restaurant/Cafe/Canteen,33 Prospect Street Caversham,Reading,,,RG4 8JB,Reading,4,2025-05-07,FHRS,False,51.4685135,-0.9714449,"33 Prospect Street Caversham, Reading, RG4 8JB"
2026-08-04,1915453,Laddu Box,Restaurant/Cafe/Canteen,19-23 Kings Walk King Street,Reading,,,RG1 2HG,Reading,3,2026-01-19,FHRS,False,51.45463,-0.9696329,"19-23 Kings Walk King Street, Reading, RG1 2HG"
2026-08-04,1921370,Lebanese Village Reading,Restaurant/Cafe/Canteen,6 Bridge Street Caversham,Reading,,,RG4 8AA,Reading,5,2025-09-24,FHRS,False,51.4665834,-0.9771378,"6 Bridge Street Caversham, Reading, RG4 8AA"
2026-08-04,1873523,Little Apron,Restaurant/Cafe/Canteen,6 Crown Colonade London Road,Reading,,,RG1 5BA,Reading,5,2025-09-03,FHRS,False,,,"6 Crown Colonade London Road, Reading, RG1 5BA"
2026-08-04,1974473,Mac's Coffee,Restaurant/Cafe/Canteen,33 Castle Street,Reading,,,RG1 7SB,Reading,AwaitingInspection,,FHRS,False,51.4530345,-0.975339,"33 Castle Street, Reading, RG1 7SB"
2026-08-04,1847690,Mal'va,Restaurant/Cafe/Canteen,21 Sidmouth Street,Reading,,,RG1 4QZ,Reading,5,2025-05-14,FHRS,False,51.4520751,-0.963387,"21 Sidmouth Street, Reading, RG1 4QZ"
2026-08-04,1916901,Me Kong,Restaurant/Cafe/Canteen,St Lawrence House Abbey Square,Reading,,,RG1 3AG,Reading,5,2026-02-03,FHRS,False,51.4554348,-0.9670817,"St Lawrence House Abbey Square, Reading, RG1 3AG"
2026-08-04,1921353,Momo Nepal,Restaurant/Cafe/Canteen,13 West Street,Reading,,,RG1 1TT,Reading,4,2026-02-10,FHRS,False,51.455958,-0.9754607,"13 West Street, Reading, RG1 1TT"
2026-08-04,1928766,Mr T's Reading,Restaurant/Cafe/Canteen,43-45 Oxford Road,Reading,,,RG1 7QE,Reading,AwaitingInspection,,FHRS,True,51.4549124,-0.9772255,"43-45 Oxford Road, Reading, RG1 7QE"
2026-08-04,1921360,M's Smokehouse,Restaurant/Cafe/Canteen,93 Basingstoke Road,Reading,,,RG2 0HA,Reading,4,2026-02-16,FHRS,False,51.43892915,-0.96750159,"93 Basingstoke Road, Reading, RG2 0HA"
2026-08-04,1915458,Muffin Break Reading,Restaurant/Cafe/Canteen,Broad Street Mall 213-217 Broad Street,Reading,,,RG1 7QH,Reading,4,2026-02-09,FHRS,False,51.4550121,-0.9762878,"Broad Street Mall 213-217 Broad Street, Reading, RG1 7QH"
2026-08-04,1928818,Neko Kitchen,Restaurant/Cafe/Canteen,19-23 Kings Walk  King Street,Reading,,,RG1 2HG,Reading,4,2026-04-09,FHRS,False,51.45463,-0.9696329,"19-23 Kings Walk  King Street, Reading, RG1 2HG"
2026-08-04,1955765,Nirai,Restaurant/Cafe/Canteen,64 St Marys Butts,Reading,,,RG1 2LG,Reading,5,2026-05-19,FHRS,False,51.4550324,-0.9747663,"64 St Marys Butts, Reading, RG1 2LG"
2026-08-04,1892174,Notes Coffee,Restaurant/Cafe/Canteen,3 Station Hill Square,Reading,,,RG1 1LN,Reading,5,2025-09-25,FHRS,False,51.458119,-0.9735346,"3 Station Hill Square, Reading, RG1 1LN"
2026-08-04,1806709,O'Anna's,Restaurant/Cafe/Canteen,Flat 1 1A London Road,Reading,,,RG1 5BJ,Reading,3,2026-04-15,FHRS,False,51.4505952,-0.9668742,"Flat 1 1A London Road, Reading, RG1 5BJ"
2026-08-04,1806708,Oxygen ActivePlay Reading,Restaurant/Cafe/Canteen,8 Bridgewater Close,Reading,,,RG30 1JT,Reading,5,2024-11-14,FHRS,False,51.4602912,-1.0066859,"8 Bridgewater Close, Reading, RG30 1JT"
2026-08-04,1900934,"Paesinos Italian Pizzeria, Roast and Roots, Tokyo Burger",Restaurant/Cafe/Canteen,Unit 4 2 Kings Road,Reading,,,RG1 3AA,Reading,5,2025-03-19,FHRS,False,51.4548379,-0.9687359,"Unit 4 2 Kings Road, Reading, RG1 3AA"
2026-08-04,1974471,Pathaans,Restaurant/Cafe/Canteen,2 Bridge Street Caversham,Reading,,,RG4 8AA,Reading,AwaitingInspection,,FHRS,False,51.4664849,-0.9771832,"2 Bridge Street Caversham, Reading, RG4 8AA"
2026-08-04,1815309,Perk Café,Restaurant/Cafe/Canteen,100 Brook Drive,Reading,,,RG2 6UJ,Reading,5,2026-06-23,FHRS,False,51.425828,-0.9849655,"100 Brook Drive, Reading, RG2 6UJ"
2026-08-04,1859255,Pho 86,Restaurant/Cafe/Canteen,35-37 St Marys Butts,Reading,,,RG1 2LS,Reading,2,2026-06-03,FHRS,False,51.4538785,-0.9741688,"35-37 St Marys Butts, Reading, RG1 2LS"
2026-08-04,1867454,Popeyes Louisiana Chicken,Restaurant/Cafe/Canteen,Unit 3a Proctor End North,Reading,,,RG2 0GG,Reading,4,2025-08-26,FHRS,False,51.4177867,-0.9743579,"Unit 3a Proctor End North, Reading, RG2 0GG"
2026-08-04,1909653,Rancheese,Restaurant/Cafe/Canteen,171 Caversham Road,Reading,,,RG1 8BB,Reading,3,2026-02-10,FHRS,False,51.4634401,-0.9765602,"171 Caversham Road, Reading, RG1 8BB"
2026-08-04,1974507,Reading Socialeyes,Restaurant/Cafe/Canteen,Redlands Parish Church & Hall St Luke's Church,Reading,,,RG1 5LH,Reading,AwaitingInspection,,FHRS,False,,,"Redlands Parish Church & Hall St Luke's Church, Reading, RG1 5LH"
2026-08-04,1974476,Riverspice Restaurant,Restaurant/Cafe/Canteen,206 Caversham Road,Reading,,,RG1 8AZ,Reading,AwaitingInspection,,FHRS,False,51.4649525,-0.9767567,"206 Caversham Road, Reading, RG1 8AZ"
2026-08-04,1822904,Rosa's Thai,Restaurant/Cafe/Canteen,Unit 1 Jackson's Corner 1-9 Kings Road,Reading,,,RG1 3EY,Reading,5,2025-03-17,FHRS,False,51.4551032,-0.9687732,"Unit 1 Jackson's Corner 1-9 Kings Road, Reading, RG1 3EY"
2026-08-04,1974503,Seixal Summer Club,Restaurant/Cafe/Canteen,Riverside The Oracle Shopping Centre,Reading,,,RG1 2NG,Reading,AwaitingInspection,,FHRS,False,,,"Riverside The Oracle Shopping Centre, Reading, RG1 2NG"
2026-08-04,1921368,Sizzling Kebab,Restaurant/Cafe/Canteen,531 Oxford Road,Reading,,,RG30 1HJ,Reading,5,2026-04-28,FHRS,False,51.4577511,-1.0008827,"531 Oxford Road, Reading, RG30 1HJ"
2026-08-04,1916904,Smoke & Pepper,Restaurant/Cafe/Canteen,2-3 Buttermarket,Reading,,,RG1 2DP,Reading,5,2026-01-26,FHRS,False,51.4553448,-0.9701349,"2-3 Buttermarket, Reading, RG1 2DP"
2026-08-04,1946081,Smoked Oak,Restaurant/Cafe/Canteen,The Lyndhurst 88 Queesn Road,Reading,,,RG1 4DG,Reading,4,2026-04-29,FHRS,False,51.4536396,-0.9613512,"The Lyndhurst 88 Queesn Road, Reading, RG1 4DG"
2026-08-04,1974517,Snowflake Gelato,Restaurant/Cafe/Canteen,The Oracle Upper Level Kiosk,Reading,,,RG1 2AG,Reading,AwaitingInspection,,FHRS,False,51.4538133,-0.9708313,"The Oracle Upper Level Kiosk, Reading, RG1 2AG"
2026-08-04,1928764,Soul Chill Café,Restaurant/Cafe/Canteen,67 London Street,Reading,,,RG1 4QA,Reading,3,2026-03-06,FHRS,False,51.4519873,-0.9677063,"67 London Street, Reading, RG1 4QA"
2026-08-04,1974513,SRI Sadguru Seva,Restaurant/Cafe/Canteen,56 Nightingale Way Reading,Reading,,,RG30 1FF,Reading,AwaitingInspection,,FHRS,False,51.4590822,-0.9941339,"56 Nightingale Way Reading, Reading, RG30 1FF"
2026-08-04,1921358,Starbucks Coffee Company,Restaurant/Cafe/Canteen,Unit 5 Reading Link Retail Park,Rose Kiln Lane,Reading,,RG2 0SN,Reading,5,2026-03-12,FHRS,False,51.4436046,-0.9779641,"Unit 5 Reading Link Retail Park, Rose Kiln Lane, Reading, RG2 0SN"
2026-08-04,1900931,Stop and Taste,Restaurant/Cafe/Canteen,3 Cavendish Road,Reading,,,RG4 8XU,Reading,3,2025-11-28,FHRS,False,,,"3 Cavendish Road, Reading, RG4 8XU"
2026-08-04,1888157,Subway,Restaurant/Cafe/Canteen,Unit 4 Brunel Arcade Station Approach,Reading,,,RG1 1LT,Reading,5,2025-10-28,FHRS,False,51.4583692,-0.9715063,"Unit 4 Brunel Arcade Station Approach, Reading, RG1 1LT"
2026-08-04,1955768,Sume,Restaurant/Cafe/Canteen,3 Broad Street,Reading,,,RG1 2BH,Reading,4,2026-04-28,FHRS,False,51.4553012,-0.9702942,"3 Broad Street, Reading, RG1 2BH"
2026-08-04,1863465,Take Your Time,Restaurant/Cafe/Canteen,Unit 5A First Floor The Village 19-23 King Street,Reading,,,RG1 2HG,Reading,3,2025-11-18,FHRS,False,51.45479,-0.96969,"Unit 5A First Floor The Village 19-23 King Street, Reading, RG1 2HG"
2026-08-04,1811499,Tanatan,Restaurant/Cafe/Canteen,45 London Street,Reading,,,RG1 4PS,Reading,4,2026-04-15,FHRS,False,51.4526016,-0.9680235,"45 London Street, Reading, RG1 4PS"
2026-08-04,1888154,The Bounce Park Reading,Restaurant/Cafe/Canteen,River Academy 7 Richfield Avenue,Reading,,,RG1 8EQ,Reading,5,2026-02-17,FHRS,False,51.4646333,-0.9879576,"River Academy 7 Richfield Avenue, Reading, RG1 8EQ"
2026-08-04,1928774,The Corn Stores,Restaurant/Cafe/Canteen,10 Forbury Road,Reading,,,RG1 1SB,Reading,AwaitingInspection,,FHRS,False,51.4578057,-0.9698061,"10 Forbury Road, Reading, RG1 1SB"
2026-08-04,1811498,The Curious Lounge,Restaurant/Cafe/Canteen,20 Tudor Road,Reading,,,RG1 1NH,Reading,5,2025-03-05,FHRS,False,51.4590942,-0.9762543,"20 Tudor Road, Reading, RG1 1NH"
2026-08-04,1928771,The Nook,Restaurant/Cafe/Canteen,17-19 Valpy Street,Reading,,,RG1 1AR,Reading,5,2026-03-06,FHRS,False,51.4575259,-0.9696829,"17-19 Valpy Street, Reading, RG1 1AR"
2026-08-04,1939944,Vegivores,Restaurant/Cafe/Canteen,41A Church Street,Reading,,,RG4 8BA,Reading,5,2026-03-23,FHRS,False,51.467342,-0.9744288,"41A Church Street, Reading, RG4 8BA"
2026-08-04,1915457,Village Hotel,Restaurant/Cafe/Canteen,Crowne Plaza Reading Richfield Avenue,Reading,,,RG1 8BD,Reading,5,2026-03-01,FHRS,False,,,"Crowne Plaza Reading Richfield Avenue, Reading, RG1 8BD"
2026-08-04,1928809,Wingstop UK,Restaurant/Cafe/Canteen,Unit 7 Reading Gate Retail Park,Reading,,,RG2 0QG,Reading,5,2026-03-24,FHRS,False,51.4241255,-0.9804726,"Unit 7 Reading Gate Retail Park, Reading, RG2 0QG"
2026-08-04,1883382,YY Restaurant,Restaurant/Cafe/Canteen,77-79 Kings Road,Reading,,,RG1 3DD,Reading,3,2025-10-08,FHRS,False,51.4550301,-0.9640253,"77-79 Kings Road, Reading, RG1 3DD"
2026-08-04,1974511,Zeus Greek Gyros,Restaurant/Cafe/Canteen,2 Bridge Street,Reading,,,RG1 2LU,Reading,AwaitingInspection,,FHRS,False,,,"2 Bridge Street, Reading, RG1 2LU"
2026-08-04,1811492,Zi Tore,Restaurant/Cafe/Canteen,7 Union Street,Reading,,,RG1 1EU,Reading,5,2025-02-21,FHRS,False,51.4562917,-0.9735247,"7 Union Street, Reading, RG1 1EU"
2026-08-04,1974880,10 Museum St,Restaurant/Cafe/Canteen,10 Museum Street,Colchester,Essex,,CO1 1TN,Colchester,AwaitingInspection,,FHRS,False,51.88983229,0.90240686,"10 Museum Street, Colchester, Essex, CO1 1TN"
2026-08-04,1586550,Angela's Coffee Shop,Restaurant/Cafe/Canteen,44-45 Moorside Business Park,Moorside,Colchester,Essex,CO1 2ZF,Colchester,5,2026-07-28,FHRS,False,51.8891914,0.9174684,"44-45 Moorside Business Park, Moorside, Colchester, Essex, CO1 2ZF"
2026-08-04,1974873,Baking Creations,Restaurant/Cafe/Canteen,,,,,,Colchester,AwaitingInspection,,FHRS,False,,,
2026-08-04,1974874,Boujee Bites By M,Restaurant/Cafe/Canteen,,,,,,Colchester,AwaitingInspection,,FHRS,False,,,
2026-08-04,1974877,Premium Prep,Restaurant/Cafe/Canteen,,,,,,Colchester,AwaitingInspection,,FHRS,False,,,
2026-08-04,1974872,Stevie's sweet treats,Restaurant/Cafe/Canteen,,,,,,Colchester,AwaitingInspection,,FHRS,False,,,
2026-08-04,1974857,Juju's Food,Restaurant/Cafe/Canteen,,,,,,Medway,AwaitingInspection,,FHRS,False,,,
2026-08-04,1974583,CRISTIS BAR,Restaurant/Cafe/Canteen,,93-95 High Street,Billericay,Essex,CM12 9AS,Basildon,AwaitingInspection,,FHRS,False,51.6251696,0.4169722,"93-95 High Street, Billericay, Essex, CM12 9AS"
2026-08-04,1974579,Tony’s Mediterranean,Restaurant/Cafe/Canteen,,18 High Street,Billericay,Essex,CM12 9BQ,Basildon,AwaitingInspection,,FHRS,False,51.626986,0.419036,"18 High Street, Billericay, Essex, CM12 9BQ"
2026-08-04,1974602,ANDALUSIAN SPANISH FOOD & MORE,Restaurant/Cafe/Canteen,,,,,,Bristol,AwaitingInspection,,FHRS,False,,,
2026-08-04,1974589,Juice Me,Restaurant/Cafe/Canteen,,30 Cotham Hill,Cotham,Bristol,BS6 6LA,Bristol,AwaitingInspection,,FHRS,False,51.4641197,-2.6081387,"30 Cotham Hill, Cotham, Bristol, BS6 6LA"
2026-08-04,1974608,Los Dos Gringos,Restaurant/Cafe/Canteen,,203-207 Church Road,Redfield,Bristol,BS5 9HL,Bristol,AwaitingInspection,,FHRS,False,51.459486,-2.554557,"203-207 Church Road, Redfield, Bristol, BS5 9HL"
2026-08-04,1974613,MeiMei Restaurant,Restaurant/Cafe/Canteen,,6 Fairfax Street,City Centre,Bristol,BS1 3DB,Bristol,AwaitingInspection,,FHRS,False,51.456314,-2.592645,"6 Fairfax Street, City Centre, Bristol, BS1 3DB"
2026-08-04,1974560,The Cornerstone Kitchen,Restaurant/Cafe/Canteen,5 Castle Street,,Maesteg,Bridgend,CF34 9UN,Bridgend,AwaitingInspection,,FHRS,False,51.6103048,-3.6588182,"5 Castle Street, Maesteg, Bridgend, CF34 9UN"
2026-08-04,1974661,Calcutta16 Barnham,Restaurant/Cafe/Canteen,15 The Square,,Barnham,West Sussex,PO22 0HB,Arun,AwaitingInspection,,FHRS,False,50.832076,-0.6406325,"15 The Square, Barnham, West Sussex, PO22 0HB"
2026-08-04,1974542,Don't Get Locked In,Restaurant/Cafe/Canteen,FIRST AND SECOND FLOOR 23-27 ALLHALLOWS,,BEDFORD,,MK40 1LN,Bedford,AwaitingInspection,,FHRS,False,52.137991,-0.4699932,"FIRST AND SECOND FLOOR 23-27 ALLHALLOWS, BEDFORD, MK40 1LN"
2026-08-04,1974539,Pepper Ceylon Lounge,Restaurant/Cafe/Canteen,76 TAVISTOCK STREET,,BEDFORD,,MK40 2RP,Bedford,AwaitingInspection,,FHRS,False,52.1407686,-0.4712459,"76 TAVISTOCK STREET, BEDFORD, MK40 2RP"
2026-08-04,1974642,14 Forty,Restaurant/Cafe/Canteen,14 Forty,Shotton Works,Weighbridge Road Deeside Industrial Park,Flintshire,CH5 2NH,Sir y Fflint,5,2026-07-22,FHRS,False,53.2280033,-3.053253,"14 Forty, Shotton Works, Weighbridge Road Deeside Industrial Park, Flintshire, CH5 2NH"
2026-08-04,1974648,The Old Blacksmiths Tavern,Restaurant/Cafe/Canteen,The Old Blacksmiths Tavern,Rear of Old Tavern,Llanerch-y-Mor,Flintshire,CH8 9DX,Sir y Fflint,AwaitingInspection,,FHRS,False,53.3023766,-3.2358326,"The Old Blacksmiths Tavern, Rear of Old Tavern, Llanerch-y-Mor, Flintshire, CH8 9DX"
2026-08-04,1974647,The Waite Collective,Restaurant/Cafe/Canteen,The Waite Collective,Village Hall,Bennetts Lane Higher Kinnerton,Flintshire,CH4 9AR,Sir y Fflint,AwaitingInspection,,FHRS,False,,,"The Waite Collective, Village Hall, Bennetts Lane Higher Kinnerton, Flintshire, CH4 9AR"
2026-08-04,1974641,Top Steak The Breakfast House,Restaurant/Cafe/Canteen,Top Steak The Breakfast House,56 High Street,Mold,Flintshire,CH7 1BH,Sir y Fflint,AwaitingInspection,,FHRS,False,53.1684776,-3.143414,"Top Steak The Breakfast House, 56 High Street, Mold, Flintshire, CH7 1BH"
2026-08-04,1974615,The Sushi Co,Restaurant/Cafe/Canteen,70 High Street,,Bromley,,BR1 1EG,Bromley,AwaitingInspection,,FHRS,False,51.4022303,0.0153412,"70 High Street, Bromley, BR1 1EG"
2026-08-04,1974560,The Cornerstone Kitchen,Restaurant/Cafe/Canteen,5 Castle Street,,Maesteg,Bridgend,CF34 9UN,Pen-y-bont ar Ogwr,AwaitingInspection,,FHRS,False,51.6103048,-3.6588182,"5 Castle Street, Maesteg, Bridgend, CF34 9UN"
2026-08-04,1974827,Her Days,Restaurant/Cafe/Canteen,,50 Derby Road,,Nottingham,NG1 5FD,Nottingham City,AwaitingInspection,,FHRS,False,52.9551656,-1.1575478,"50 Derby Road, Nottingham, NG1 5FD"
2026-08-04,1974829,Roll-On-In Sandwich Bar,Restaurant/Cafe/Canteen,,30 Southwark Street,,Nottingham,NG6 0DA,Nottingham City,AwaitingInspection,,FHRS,False,52.986058,-1.180604,"30 Southwark Street, Nottingham, NG6 0DA"
2026-08-04,1974824,The Greek Brothers,Restaurant/Cafe/Canteen,,16 Albert Street,,Nottingham,NG1 7DA,Nottingham City,AwaitingInspection,,FHRS,False,52.9517687,-1.1490554,"16 Albert Street, Nottingham, NG1 7DA"
2026-08-04,1974826,Two Treasure,Restaurant/Cafe/Canteen,,3-5 Forman Street,,Nottingham,NG1 4AA,Nottingham City,AwaitingInspection,,FHRS,False,52.9555638,-1.1492638,"3-5 Forman Street, Nottingham, NG1 4AA"
2026-08-04,1974642,14 Forty,Restaurant/Cafe/Canteen,14 Forty,Shotton Works,Weighbridge Road Deeside Industrial Park,Flintshire,CH5 2NH,Flintshire,5,2026-07-22,FHRS,False,53.2280033,-3.053253,"14 Forty, Shotton Works, Weighbridge Road Deeside Industrial Park, Flintshire, CH5 2NH"
2026-08-04,1974648,The Old Blacksmiths Tavern,Restaurant/Cafe/Canteen,The Old Blacksmiths Tavern,Rear of Old Tavern,Llanerch-y-Mor,Flintshire,CH8 9DX,Flintshire,AwaitingInspection,,FHRS,False,53.3023766,-3.2358326,"The Old Blacksmiths Tavern, Rear of Old Tavern, Llanerch-y-Mor, Flintshire, CH8 9DX"
2026-08-04,1974647,The Waite Collective,Restaurant/Cafe/Canteen,The Waite Collective,Village Hall,Bennetts Lane Higher Kinnerton,Flintshire,CH4 9AR,Flintshire,AwaitingInspection,,FHRS,False,,,"The Waite Collective, Village Hall, Bennetts Lane Higher Kinnerton, Flintshire, CH4 9AR"
2026-08-04,1974641,Top Steak The Breakfast House,Restaurant/Cafe/Canteen,Top Steak The Breakfast House,56 High Street,Mold,Flintshire,CH7 1BH,Flintshire,AwaitingInspection,,FHRS,False,53.1684776,-3.143414,"Top Steak The Breakfast House, 56 High Street, Mold, Flintshire, CH7 1BH"
2026-08-04,1974774,Gym4less Cafe,Restaurant/Cafe/Canteen,16 Shenley Road,Borehamwood,Hertfordshire,,WD6 1DL,Hertsmere,AwaitingInspection,,FHRS,False,51.6541501,-0.2787406,"16 Shenley Road, Borehamwood, Hertfordshire, WD6 1DL"
2026-08-04,1974775,Radlett Grill,Restaurant/Cafe/Canteen,231 Watling Street,Radlett,Hertfordshire,,WD7 7AL,Hertsmere,AwaitingInspection,,FHRS,False,51.685101,-0.3178305,"231 Watling Street, Radlett, Hertfordshire, WD7 7AL"
2026-08-04,1974570,Feast,Restaurant/Cafe/Canteen,20 Station Road,Bawtry,Doncaster,,DN10 6PT,Doncaster,AwaitingInspection,,FHRS,False,53.431507,-1.018661,"20 Station Road, Bawtry, Doncaster, DN10 6PT"
2026-08-04,1974841,Bella Mia,Restaurant/Cafe/Canteen,8 Pudding Lane,Maidstone,Kent,,ME14 1PA,Maidstone,AwaitingInspection,,FHRS,False,51.273957,0.520297,"8 Pudding Lane, Maidstone, Kent, ME14 1PA"
2026-08-04,1974849,Bella Mia Ristorante E Pizzeria,Restaurant/Cafe/Canteen,8 Pudding Lane,Maidstone,Kent,,ME14 1PA,Maidstone,AwaitingInspection,,FHRS,False,51.273957,0.520297,"8 Pudding Lane, Maidstone, Kent, ME14 1PA"
2026-08-04,1974848,Ramblers Rest,Restaurant/Cafe/Canteen,Medway Wharf Marina,Bow Bridge,Wateringbury,Kent,ME18 5ED,Maidstone,AwaitingInspection,,FHRS,False,,,"Medway Wharf Marina, Bow Bridge, Wateringbury, Kent, ME18 5ED"
2026-08-04,1974839,The Gurkha Kitchen,Restaurant/Cafe/Canteen,Station Approach,Maidstone,Kent,,ME16 8RJ,Maidstone,AwaitingInspection,,FHRS,True,51.270755,0.516107,"Station Approach, Maidstone, Kent, ME16 8RJ"
2026-08-04,1908419,Bonbirds flame,Restaurant/Cafe/Canteen,71 PORTSMOUTH ROAD BURSLEDON SOUTHAMPTON SO31 8EP,,,,SO31 8EP,Eastleigh,1,2026-06-08,FHRS,False,50.8898518,-1.3159197,"71 PORTSMOUTH ROAD BURSLEDON SOUTHAMPTON SO31 8EP, SO31 8EP"
2026-08-04,1974781,Black Sheep Coffee,Restaurant/Cafe/Canteen,24 Kings Mall,King Street,London,,W6 0QD,Hammersmith and Fulham,AwaitingInspection,,FHRS,False,51.4929395,-0.226669,"24 Kings Mall, King Street, London, W6 0QD"
2026-08-04,1974785,Five Guys,Restaurant/Cafe/Canteen,26 Kings Mall,King Street,London,,W6 0PZ,Hammersmith and Fulham,AwaitingInspection,,FHRS,False,51.493113,-0.227533,"26 Kings Mall, King Street, London, W6 0PZ"
2026-08-04,1974782,MiraL,Restaurant/Cafe/Canteen,122 Glenthorne Road,London,,,W6 0LP,Hammersmith and Fulham,AwaitingInspection,,FHRS,False,51.4945279,-0.2341994,"122 Glenthorne Road, London, W6 0LP"
